srcStateName,srcSubDistrictName,srcYear,Cultivable waste land,Permanent Pasture land,Permanent Pasture to Geo graphical Area (%),Trees & Groves,Total Land ,srcDistrictName,YearCode,Year
Karnataka,Alnavara,2019-20,39,53,0.43,0,92,DHARWAD,2019,"Financial Year (Apr - Mar), 2019"
Karnataka,Anekal,2019-20,1852,1723,3.22,1655,5230,BENGALURU URBAN,2019,"Financial Year (Apr - Mar), 2019"
Karnataka,Ankola,2019-20,1006,182,0.2,291,1479,UTTARA KANNADA,2019,"Financial Year (Apr - Mar), 2019"
Karnataka,Annigeri,2019-20,19,2,0.01,1,22,DHARWAD,2019,"Financial Year (Apr - Mar), 2019"
Karnataka,Athani,2019-20,473,365,0.23,101,939,BELAGAVI,2019,"Financial Year (Apr - Mar), 2019"
Karnataka,Aurad,2019-20,2729,1347,1.81,2204,6280,BIDAR,2019,"Financial Year (Apr - Mar), 2019"
Karnataka,Babaleshwara,2019-20,1170,1450,1.73,102,2722,VIJAYAPURA,2019,"Financial Year (Apr - Mar), 2019"
Karnataka,Badami,2019-20,356,848,0.79,14,1218,BAGALKOTE,2019,"Financial Year (Apr - Mar), 2019"
Karnataka,Bagalkote,2019-20,192,55,0.06,17,264,BAGALKOTE,2019,"Financial Year (Apr - Mar), 2019"
Karnataka,Bagepalli,2019-20,208,10929,12.14,215,11352,CHIKKABALLAPURA,2019,"Financial Year (Apr - Mar), 2019"
Karnataka,Bailhongal,2019-20,0,120,0.16,218,338,BELAGAVI,2019,"Financial Year (Apr - Mar), 2019"
Karnataka,Ballari,2019-20,788,124,0.11,158,1070,BALLARI,2019,"Financial Year (Apr - Mar), 2019"
Karnataka,Bangalore-East,2019-20,423,1073,3.59,509,2005,BENGALURU URBAN,2019,"Financial Year (Apr - Mar), 2019"
Karnataka,Bangalore (North),2019-20,896,1398,3.53,930,3224,BENGALURU URBAN,2019,"Financial Year (Apr - Mar), 2019"
Karnataka,Bangalore-South,2019-20,1568,2450,4.41,1012,5030,BENGALURU URBAN,2019,"Financial Year (Apr - Mar), 2019"
Karnataka,Bangarpet,2019-20,615,4730,11.04,239,5584,KOLAR,2019,"Financial Year (Apr - Mar), 2019"
Karnataka,Basavakalyan,2019-20,4842,2756,2.8,76,7674,BIDAR,2019,"Financial Year (Apr - Mar), 2019"
Karnataka,Basavan Bagewadi,2019-20,103,224,0.2,0,327,VIJAYAPURA,2019,"Financial Year (Apr - Mar), 2019"
Karnataka,Belagavi,2019-20,2056,4225,4.07,524,6805,BELAGAVI,2019,"Financial Year (Apr - Mar), 2019"
Karnataka,Bhadravathi,2019-20,654,8308,12.04,66,9028,SHIVAMOGGA,2019,"Financial Year (Apr - Mar), 2019"
Karnataka,Bhalki,2019-20,3115,3541,3.24,7290,13946,BIDAR,2019,"Financial Year (Apr - Mar), 2019"
Karnataka,Bhatkal,2019-20,173,1130,3.24,0,1303,UTTARA KANNADA,2019,"Financial Year (Apr - Mar), 2019"
Karnataka,Bidar,2019-20,2085,910,0.99,482,3477,BIDAR,2019,"Financial Year (Apr - Mar), 2019"
Karnataka,Bijapur,2019-20,1645,1850,1.93,118,3613,VIJAYAPURA,2019,"Financial Year (Apr - Mar), 2019"
Karnataka,Bilagi,2019-20,45,107,0.14,15,167,BAGALKOTE,2019,"Financial Year (Apr - Mar), 2019"
Karnataka,Bramhavara,2019-20,4227,1915,4.81,3119,9261,UDUPI,2019,"Financial Year (Apr - Mar), 2019"
Karnataka,Byadagi,2019-20,190,1109,2.54,20,1319,HAVERI,2019,"Financial Year (Apr - Mar), 2019"
Karnataka,Bynduru,2019-20,1961,1190,2.04,3142,6293,UDUPI,2019,"Financial Year (Apr - Mar), 2019"
Karnataka,Chadachana,2019-20,202,651,1.06,8,861,VIJAYAPURA,2019,"Financial Year (Apr - Mar), 2019"
Karnataka,Challakere,2019-20,16020,21768,11.2,604,38392,CHITRADURGA,2019,"Financial Year (Apr - Mar), 2019"
Karnataka,Channagiri,2019-20,84,280,0.23,235,599,DAVANGERE,2019,"Financial Year (Apr - Mar), 2019"
Karnataka,Channapatna,2019-20,260,2258,4.21,1580,4098,RAMANAGARA,2019,"Financial Year (Apr - Mar), 2019"
Karnataka,Chikballapur,2019-20,1536,327,0.59,717,2580,CHIKKABALLAPURA,2019,"Financial Year (Apr - Mar), 2019"
Karnataka,Chikkodi,2019-20,1121,2905,3.44,89,4115,BELAGAVI,2019,"Financial Year (Apr - Mar), 2019"
Karnataka,Chikmagalur,2019-20,5430,15921,9.76,5438,26789,CHIKKAMAGALURU,2019,"Financial Year (Apr - Mar), 2019"
Karnataka,Chiknayakanahalli,2019-20,18164,4500,3.98,2805,25469,TUMAKURU,2019,"Financial Year (Apr - Mar), 2019"
Karnataka,Chincholi,2019-20,2077,5846,4.61,775,8698,KALABURAGI,2019,"Financial Year (Apr - Mar), 2019"
Karnataka,Chinthamani,2019-20,1345,12310,14.2,1649,15304,CHIKKABALLAPURA,2019,"Financial Year (Apr - Mar), 2019"
Karnataka,Chitradurga,2019-20,25,11278,9.13,891,12194,CHITRADURGA,2019,"Financial Year (Apr - Mar), 2019"
Karnataka,Chittaguppa,2019-20,1180,1096,2.42,78,2354,BIDAR,2019,"Financial Year (Apr - Mar), 2019"
Karnataka,Chittapur,2019-20,3947,371,0.51,11,4329,KALABURAGI,2019,"Financial Year (Apr - Mar), 2019"
Karnataka,Dandelli,2019-20,43,0,0.0,0,43,UTTARA KANNADA,2019,"Financial Year (Apr - Mar), 2019"
Karnataka,Davanagere,2019-20,4410,4510,4.54,509,9429,DAVANGERE,2019,"Financial Year (Apr - Mar), 2019"
Karnataka,Devanahalli,2019-20,1442,673,1.5,52,2167,BENGALURU RURAL,2019,"Financial Year (Apr - Mar), 2019"
Karnataka,Devara Hipparagi,2019-20,94,578,0.81,151,823,VIJAYAPURA,2019,"Financial Year (Apr - Mar), 2019"
Karnataka,Devdurga,2019-20,2832,5707,3.78,816,9355,RAICHUR,2019,"Financial Year (Apr - Mar), 2019"
Karnataka,Dharwad,2019-20,1492,1906,1.92,0,3398,DHARWAD,2019,"Financial Year (Apr - Mar), 2019"
Karnataka,Doddaballapura,2019-20,1280,2550,3.24,279,4109,BENGALURU RURAL,2019,"Financial Year (Apr - Mar), 2019"
Karnataka,Gadag,2019-20,0,1054,0.96,180,1234,GADAG,2019,"Financial Year (Apr - Mar), 2019"
Karnataka,Gajendragad,2019-20,0,428,0.89,15,443,GADAG,2019,"Financial Year (Apr - Mar), 2019"
Karnataka,Gangavathi,2019-20,198,3021,6.91,210,3429,KOPPAL,2019,"Financial Year (Apr - Mar), 2019"
Karnataka,Gauribidanur,2019-20,150,10760,12.41,1444,12354,CHIKKABALLAPURA,2019,"Financial Year (Apr - Mar), 2019"
Karnataka,Gokak,2019-20,188,1123,1.12,10,1321,BELAGAVI,2019,"Financial Year (Apr - Mar), 2019"
Karnataka,Gubbi,2019-20,2731,3850,3.15,2844,9425,TUMAKURU,2019,"Financial Year (Apr - Mar), 2019"
Karnataka,Gudibande,2019-20,751,230,1.06,294,1275,CHIKKABALLAPURA,2019,"Financial Year (Apr - Mar), 2019"
Karnataka,Gulbarga,2019-20,47,3911,3.13,56,4014,KALABURAGI,2019,"Financial Year (Apr - Mar), 2019"
Karnataka,Guledagudda,2019-20,65,138,0.44,6,209,BAGALKOTE,2019,"Financial Year (Apr - Mar), 2019"
Karnataka,Gurumithakala,2019-20,86,1192,1.56,51,1329,YADGIR,2019,"Financial Year (Apr - Mar), 2019"
Karnataka,Hadagali,2019-20,1747,2216,2.34,0,3963,VIJAYANAGAR,2019,"Financial Year (Apr - Mar), 2019"
Karnataka,Hagaribommanahalli,2019-20,2058,1108,1.24,123,3289,VIJAYANAGAR,2019,"Financial Year (Apr - Mar), 2019"
Karnataka,Haliyal,2019-20,247,344,0.62,0,591,UTTARA KANNADA,2019,"Financial Year (Apr - Mar), 2019"
Karnataka,Hangal,2019-20,734,2061,2.66,1535,4330,HAVERI,2019,"Financial Year (Apr - Mar), 2019"
Karnataka,Harapanahalli,2019-20,2561,1603,1.12,812,4976,VIJAYANAGAR,2019,"Financial Year (Apr - Mar), 2019"
Karnataka,Harihar,2019-20,710,795,1.59,62,1567,DAVANGERE,2019,"Financial Year (Apr - Mar), 2019"
Karnataka,Navalgund,2019-20,42,3,0.0,2,47,DHARWAD,2019,"Financial Year (Apr - Mar), 2019"
Karnataka,Haveri,2019-20,1178,1754,2.19,7,2939,HAVERI,2019,"Financial Year (Apr - Mar), 2019"
Karnataka,Hebri,2019-20,3417,765,1.67,5171,9353,UDUPI,2019,"Financial Year (Apr - Mar), 2019"
Karnataka,Hirekerur,2019-20,0,1616,4.14,185,1801,HAVERI,2019,"Financial Year (Apr - Mar), 2019"
Karnataka,Hiriyur,2019-20,2540,25926,18.87,7416,35882,CHITRADURGA,2019,"Financial Year (Apr - Mar), 2019"
Karnataka,Holalkere,2019-20,617,21000,15.46,625,22242,CHITRADURGA,2019,"Financial Year (Apr - Mar), 2019"
Karnataka,Honnali,2019-20,0,54,0.11,0,54,DAVANGERE,2019,"Financial Year (Apr - Mar), 2019"
Karnataka,Honnavar,2019-20,480,1432,1.9,424,2336,UTTARA KANNADA,2019,"Financial Year (Apr - Mar), 2019"
Karnataka,Hosadurga,2019-20,1037,3392,3.01,1479,5908,CHITRADURGA,2019,"Financial Year (Apr - Mar), 2019"
Karnataka,Hosanagar,2019-20,2555,52789,37.1,1498,56842,SHIVAMOGGA,2019,"Financial Year (Apr - Mar), 2019"
Karnataka,Hoskote,2019-20,498,356,0.65,23,877,BENGALURU RURAL,2019,"Financial Year (Apr - Mar), 2019"
Karnataka,Hospet,2019-20,1253,188,0.31,78,1519,VIJAYANAGAR,2019,"Financial Year (Apr - Mar), 2019"
Karnataka,Hubballi Nagara,2019-20,92,257,1.45,25,374,DHARWAD,2019,"Financial Year (Apr - Mar), 2019"
Karnataka,Hubli,2019-20,14,350,0.63,38,402,DHARWAD,2019,"Financial Year (Apr - Mar), 2019"
Karnataka,Hukkeri,2019-20,147,2583,2.61,159,2889,BELAGAVI,2019,"Financial Year (Apr - Mar), 2019"
Karnataka,Hulasuru,2019-20,1211,687,3.27,19,1917,BIDAR,2019,"Financial Year (Apr - Mar), 2019"
Karnataka,Humnabad,2019-20,3536,3290,6.1,234,7060,BIDAR,2019,"Financial Year (Apr - Mar), 2019"
Karnataka,Hungund,2019-20,188,571,0.78,9,768,BAGALKOTE,2019,"Financial Year (Apr - Mar), 2019"
Karnataka,Hunisigi,2019-20,383,2583,3.01,256,3222,YADGIR,2019,"Financial Year (Apr - Mar), 2019"
Karnataka,Ilkal,2019-20,128,268,0.43,5,401,BAGALKOTE,2019,"Financial Year (Apr - Mar), 2019"
Karnataka,Indi,2019-20,632,986,0.61,24,1642,VIJAYAPURA,2019,"Financial Year (Apr - Mar), 2019"
Karnataka,Jagaluru,2019-20,50,5355,5.61,2967,8372,DAVANGERE,2019,"Financial Year (Apr - Mar), 2019"
Karnataka,Jamakhandi,2019-20,793,551,0.62,155,1499,BAGALKOTE,2019,"Financial Year (Apr - Mar), 2019"
Karnataka,Jevargi,2019-20,207,4580,4.46,43,4830,KALABURAGI,2019,"Financial Year (Apr - Mar), 2019"
Karnataka,Joida,2019-20,1043,420,0.22,5,1468,UTTARA KANNADA,2019,"Financial Year (Apr - Mar), 2019"
Karnataka,Kadur,2019-20,5470,5045,4.03,3900,14415,CHIKKAMAGALURU,2019,"Financial Year (Apr - Mar), 2019"
Karnataka,Kagavada,2019-20,698,469,1.09,29,1196,BELAGAVI,2019,"Financial Year (Apr - Mar), 2019"
Karnataka,Kalagi,2019-20,688,362,0.34,44,1094,KALABURAGI,2019,"Financial Year (Apr - Mar), 2019"
Karnataka,Kalgatgi,2019-20,798,688,1.0,0,1486,DHARWAD,2019,"Financial Year (Apr - Mar), 2019"
Karnataka,Kamalanagara,2019-20,683,337,0.71,550,1570,BIDAR,2019,"Financial Year (Apr - Mar), 2019"
Karnataka,Kamalapura,2019-20,632,1415,2.03,75,2122,KALABURAGI,2019,"Financial Year (Apr - Mar), 2019"
Karnataka,Kampli,2019-20,460,87,0.22,64,611,BALLARI,2019,"Financial Year (Apr - Mar), 2019"
Karnataka,Kanakagiri,2019-20,236,3263,6.63,0,3499,KOPPAL,2019,"Financial Year (Apr - Mar), 2019"
Karnataka,Kanakpura,2019-20,190,12814,8.04,140,13144,BELAGAVI,2019,"Financial Year (Apr - Mar), 2019"
Karnataka,Kapu,2019-20,3685,2291,10.4,3747,9723,UDUPI,2019,"Financial Year (Apr - Mar), 2019"
Karnataka,Karatagi,2019-20,126,1850,4.72,0,1976,KOPPAL,2019,"Financial Year (Apr - Mar), 2019"
Karnataka,Karkala,2019-20,10077,1371,1.9,12830,24278,UDUPI,2019,"Financial Year (Apr - Mar), 2019"
Karnataka,Karwar,2019-20,110,19,0.03,145,274,UTTARA KANNADA,2019,"Financial Year (Apr - Mar), 2019"
Karnataka,K.G.F,2019-20,792,765,2.42,172,1729,KOLAR,2019,"Financial Year (Apr - Mar), 2019"
Karnataka,Khanapur,2019-20,3240,3261,1.89,950,7451,BELAGAVI,2019,"Financial Year (Apr - Mar), 2019"
Karnataka,Kitthuru,2019-20,0,260,0.73,102,362,BELAGAVI,2019,"Financial Year (Apr - Mar), 2019"
Karnataka,Kolar,2019-20,405,2672,3.86,1270,4347,KOLAR,2019,"Financial Year (Apr - Mar), 2019"
Karnataka,Kolhara,2019-20,40,400,0.87,0,440,VIJAYAPURA,2019,"Financial Year (Apr - Mar), 2019"
Karnataka,Kollegala(Hanur),2019-20,735,132,0.05,25,892,CHAMARAJANAGARA,2019,"Financial Year (Apr - Mar), 2019"
Karnataka,Koppa,2019-20,144,17125,29.93,4431,21700,CHIKKAMAGALURU,2019,"Financial Year (Apr - Mar), 2019"
Karnataka,Koppal,2019-20,430,1486,1.09,0,1916,KOPPAL,2019,"Financial Year (Apr - Mar), 2019"
Karnataka,Koratagere,2019-20,2749,9831,13.86,585,13165,TUMAKURU,2019,"Financial Year (Apr - Mar), 2019"
Karnataka,Kotturu,2019-20,1498,985,1.75,118,2601,VIJAYANAGAR,2019,"Financial Year (Apr - Mar), 2019"
Karnataka,Krishnarajpet,2019-20,6510,15423,16.85,341,22274,MANDYA,2019,"Financial Year (Apr - Mar), 2019"
Karnataka,Kudligi,2019-20,5731,386,0.34,35,6152,VIJAYANAGAR,2019,"Financial Year (Apr - Mar), 2019"
Karnataka,Kukanuru,2019-20,354,1193,1.91,0,1547,KOPPAL,2019,"Financial Year (Apr - Mar), 2019"
Karnataka,Kumta,2019-20,763,52,0.09,497,1312,UTTARA KANNADA,2019,"Financial Year (Apr - Mar), 2019"
Karnataka,Kundapur,2019-20,1388,2075,2.37,10687,14150,UDUPI,2019,"Financial Year (Apr - Mar), 2019"
Karnataka,Kundgol,2019-20,173,312,0.48,119,604,DHARWAD,2019,"Financial Year (Apr - Mar), 2019"
Karnataka,Kunigal,2019-20,11873,4248,4.29,231,16352,TUMAKURU,2019,"Financial Year (Apr - Mar), 2019"
Karnataka,Kurugodu,2019-20,485,30,0.06,53,568,BALLARI,2019,"Financial Year (Apr - Mar), 2019"
Karnataka,Kushtagi,2019-20,811,6124,4.51,0,6935,KOPPAL,2019,"Financial Year (Apr - Mar), 2019"
Karnataka,Laxmeshwar,2019-20,81,667,1.54,28,776,GADAG,2019,"Financial Year (Apr - Mar), 2019"
Karnataka,Lingasugur,2019-20,2041,2591,2.02,2692,7324,RAICHUR,2019,"Financial Year (Apr - Mar), 2019"
Karnataka,Madhugiri,2019-20,8953,7100,6.33,2288,18341,TUMAKURU,2019,"Financial Year (Apr - Mar), 2019"
Karnataka,Magadi,2019-20,600,9100,11.38,1929,11629,RAMANAGARA,2019,"Financial Year (Apr - Mar), 2019"
Karnataka,Malur,2019-20,2399,10742,17.01,742,13883,KOLAR,2019,"Financial Year (Apr - Mar), 2019"
Karnataka,Mandya,2019-20,2319,3811,5.33,215,6345,MANDYA,2019,"Financial Year (Apr - Mar), 2019"
Karnataka,Manvi,2019-20,1307,2643,2.59,4,3954,RAICHUR,2019,"Financial Year (Apr - Mar), 2019"
Karnataka,Maski,2019-20,1831,1689,1.84,1954,5474,RAICHUR,2019,"Financial Year (Apr - Mar), 2019"
Karnataka,Molakalmuru,2019-20,1373,5376,8.03,302,7051,CHITRADURGA,2019,"Financial Year (Apr - Mar), 2019"
Karnataka,Mudalagi,2019-20,66,394,0.73,4,464,BELAGAVI,2019,"Financial Year (Apr - Mar), 2019"
Karnataka,Muddebihal,2019-20,205,316,0.38,66,587,VIJAYAPURA,2019,"Financial Year (Apr - Mar), 2019"
Karnataka,Mudhol,2019-20,0,864,0.98,15,879,BAGALKOTE,2019,"Financial Year (Apr - Mar), 2019"
Karnataka,Mudigere,2019-20,3475,20132,17.43,2095,25702,CHIKKAMAGALURU,2019,"Financial Year (Apr - Mar), 2019"
Karnataka,Mulabagilu,2019-20,1218,10511,12.78,2954,14683,KOLAR,2019,"Financial Year (Apr - Mar), 2019"
Karnataka,Mundargi,2019-20,163,280,0.32,2,445,GADAG,2019,"Financial Year (Apr - Mar), 2019"
Karnataka,Mundgod,2019-20,1120,39,0.06,51,1210,UTTARA KANNADA,2019,"Financial Year (Apr - Mar), 2019"
Karnataka,Nagamangala,2019-20,26178,493,0.47,1043,27714,MANDYA,2019,"Financial Year (Apr - Mar), 2019"
Karnataka,Naragund,2019-20,0,58,0.13,0,58,VIJAYAPURA,2019,"Financial Year (Apr - Mar), 2019"
Karnataka,Narasimharajapura,2019-20,3894,14443,17.95,953,19290,CHIKKAMAGALURU,2019,"Financial Year (Apr - Mar), 2019"
Karnataka,Nelamangala,2019-20,678,300,0.59,76,1054,BENGALURU RURAL,2019,"Financial Year (Apr - Mar), 2019"
Karnataka,Nidagundi,2019-20,12,644,1.56,0,656,VIJAYAPURA,2019,"Financial Year (Apr - Mar), 2019"
Karnataka,Nippani,2019-20,527,10,0.02,40,577,BELAGAVI,2019,"Financial Year (Apr - Mar), 2019"
Karnataka,Nyamati,2019-20,0,31,0.08,0,31,DAVANGERE,2019,"Financial Year (Apr - Mar), 2019"
Karnataka,Pandavpura,2019-20,3900,3523,6.68,985,8408,MANDYA,2019,"Financial Year (Apr - Mar), 2019"
Karnataka,Pavagada,2019-20,5628,7456,5.49,607,13691,TUMAKURU,2019,"Financial Year (Apr - Mar), 2019"
Karnataka,Rabakavi Banahatti,2019-20,268,27,0.08,38,333,BAGALKOTE,2019,"Financial Year (Apr - Mar), 2019"
Karnataka,Raibag,2019-20,884,235,0.25,19,1138,BELAGAVI,2019,"Financial Year (Apr - Mar), 2019"
Karnataka,Raichur,2019-20,931,2722,1.8,7460,11113,RAICHUR,2019,"Financial Year (Apr - Mar), 2019"
Karnataka,Ramadurg,2019-20,0,1192,0.98,7,1199,BELAGAVI,2019,"Financial Year (Apr - Mar), 2019"
Karnataka,Ramanagar,2019-20,128,490,0.78,301,919,RAMANAGARA,2019,"Financial Year (Apr - Mar), 2019"
Karnataka,Ranebennur,2019-20,552,2417,2.67,100,3069,HAVERI,2019,"Financial Year (Apr - Mar), 2019"
Karnataka,Ratteehalli,2019-20,0,1085,2.61,113,1198,HAVERI,2019,"Financial Year (Apr - Mar), 2019"
Karnataka,Rona,2019-20,291,0,0.0,10,301,GADAG,2019,"Financial Year (Apr - Mar), 2019"
Karnataka,Sagara,2019-20,5613,47259,24.36,14780,67652,SHIVAMOGGA,2019,"Financial Year (Apr - Mar), 2019"
Karnataka,Savadatti,2019-20,65,4218,2.67,54,4337,BELAGAVI,2019,"Financial Year (Apr - Mar), 2019"
Karnataka,Savanur,2019-20,0,722,1.34,181,903,HAVERI,2019,"Financial Year (Apr - Mar), 2019"
Karnataka,Sedam,2019-20,360,3066,2.99,50,3476,KALABURAGI,2019,"Financial Year (Apr - Mar), 2019"
Karnataka,Shahapur,2019-20,726,1883,2.02,45,2654,YADGIR,2019,"Financial Year (Apr - Mar), 2019"
Karnataka,Shahbadha,2019-20,150,100,0.45,4,254,KALABURAGI,2019,"Financial Year (Apr - Mar), 2019"
Karnataka,Shidlagatta,2019-20,990,20994,32.9,2163,24147,CHIKKABALLAPURA,2019,"Financial Year (Apr - Mar), 2019"
Karnataka,Afzalpur,2019-20,458,1322,1.01,10,1790,KALABURAGI,2019,"Financial Year (Apr - Mar), 2019"
Karnataka,Ajjampura,2019-20,839,3956,7.3,423,5218,CHIKKAMAGALURU,2019,"Financial Year (Apr - Mar), 2019"
Karnataka,Aland,2019-20,764,2976,1.89,44,3784,KALABURAGI,2019,"Financial Year (Apr - Mar), 2019"
Karnataka,Shiggaon,2019-20,335,1445,2.45,154,1934,HAVERI,2019,"Financial Year (Apr - Mar), 2019"
Karnataka,Shikaripura,2019-20,451,361,0.4,91,903,SHIVAMOGGA,2019,"Financial Year (Apr - Mar), 2019"
Karnataka,Shimoga,2019-20,322,12343,11.08,153,12818,SHIVAMOGGA,2019,"Financial Year (Apr - Mar), 2019"
Karnataka,Shirahatti,2019-20,105,111,0.21,112,328,GADAG,2019,"Financial Year (Apr - Mar), 2019"
Karnataka,Shorapur,2019-20,412,3018,3.03,293,3723,YADGIR,2019,"Financial Year (Apr - Mar), 2019"
Karnataka,Siddapur,2019-20,50,451,0.52,0,501,UTTARA KANNADA,2019,"Financial Year (Apr - Mar), 2019"
Karnataka,Sindagi,2019-20,169,931,0.64,367,1467,VIJAYAPURA,2019,"Financial Year (Apr - Mar), 2019"
Karnataka,Sindhanur,2019-20,638,3384,2.66,938,4960,RAICHUR,2019,"Financial Year (Apr - Mar), 2019"
Karnataka,Sira,2019-20,8151,16316,10.5,2794,27261,TUMAKURU,2019,"Financial Year (Apr - Mar), 2019"
Karnataka,Siraguppa,2019-20,4177,103,0.1,241,4521,BALLARI,2019,"Financial Year (Apr - Mar), 2019"
Karnataka,Sirivara,2019-20,1132,1080,1.28,0,2212,RAICHUR,2019,"Financial Year (Apr - Mar), 2019"
Karnataka,Sirsi,2019-20,646,1968,1.49,19,2633,UTTARA KANNADA,2019,"Financial Year (Apr - Mar), 2019"
Karnataka,Sonduru,2019-20,1659,45,0.05,1,1705,BALLARI,2019,"Financial Year (Apr - Mar), 2019"
Karnataka,Soraba,2019-20,4973,15929,13.88,3840,24742,SHIVAMOGGA,2019,"Financial Year (Apr - Mar), 2019"
Karnataka,Sringeri,2019-20,70,3234,7.3,1780,5084,CHIKKAMAGALURU,2019,"Financial Year (Apr - Mar), 2019"
Karnataka,Srinivaspura,2019-20,968,7155,8.34,1632,9755,KOLAR,2019,"Financial Year (Apr - Mar), 2019"
Karnataka,Srirangapatna,2019-20,500,2880,8.05,304,3684,MANDYA,2019,"Financial Year (Apr - Mar), 2019"
Karnataka,Talikote,2019-20,418,700,1.06,386,1504,VIJAYAPURA,2019,"Financial Year (Apr - Mar), 2019"
Karnataka,Tarikere,2019-20,0,3981,4.84,494,4475,CHIKKAMAGALURU,2019,"Financial Year (Apr - Mar), 2019"
Karnataka,Thirthahalli,2019-20,1743,26474,21.12,6440,34657,SHIVAMOGGA,2019,"Financial Year (Apr - Mar), 2019"
Karnataka,Tikota,2019-20,812,845,0.98,96,1753,VIJAYAPURA,2019,"Financial Year (Apr - Mar), 2019"
Karnataka,Tiptur,2019-20,1920,7010,9.16,4617,13547,TUMAKURU,2019,"Financial Year (Apr - Mar), 2019"
Karnataka,Tumkur,2019-20,1817,7099,6.84,4398,13314,TUMAKURU,2019,"Financial Year (Apr - Mar), 2019"
Karnataka,Turuvekere,2019-20,656,9043,11.9,788,10487,TUMAKURU,2019,"Financial Year (Apr - Mar), 2019"
Karnataka,Udupi,2019-20,8894,1011,3.27,4069,13974,UDUPI,2019,"Financial Year (Apr - Mar), 2019"
Karnataka,Vadagera,2019-20,685,1467,2.22,32,2184,YADGIR,2019,"Financial Year (Apr - Mar), 2019"
Karnataka,Yadgir,2019-20,93,1612,1.7,63,1768,YADGIR,2019,"Financial Year (Apr - Mar), 2019"
Karnataka,Alur,2019-20,3975,1795,4.46,116,5886,HASSAN,2019,"Financial Year (Apr - Mar), 2019"
Karnataka,Arkalgud,2019-20,3560,2980,4.62,217,6757,HASSAN,2019,"Financial Year (Apr - Mar), 2019"
Karnataka,Arsikere,2019-20,220,430,0.35,3415,4065,HASSAN,2019,"Financial Year (Apr - Mar), 2019"
Karnataka,Bantwal,2019-20,2376,1662,2.32,1560,5598,DAKSHINA KANNADA,2019,"Financial Year (Apr - Mar), 2019"
Karnataka,Belthangady,2019-20,4328,1269,0.92,4922,10519,DAKSHINA KANNADA,2019,"Financial Year (Apr - Mar), 2019"
Karnataka,Belur,2019-20,2689,5815,7.58,117,8621,HASSAN,2019,"Financial Year (Apr - Mar), 2019"
Karnataka,Chamarajanagara,2019-20,2921,11703,9.51,1180,15804,CHAMARAJANAGARA,2019,"Financial Year (Apr - Mar), 2019"
Karnataka,Channarayapatna,2019-20,870,9275,8.96,374,10519,HASSAN,2019,"Financial Year (Apr - Mar), 2019"
Karnataka,Gundlupet,2019-20,3265,10287,7.32,3485,17037,CHAMARAJANAGARA,2019,"Financial Year (Apr - Mar), 2019"
Karnataka,Hassan,2019-20,794,544,0.59,318,1656,HASSAN,2019,"Financial Year (Apr - Mar), 2019"
Karnataka,Heggadadevanakote,2019-20,6965,16348,15.64,1025,24338,MYSURU,2019,"Financial Year (Apr - Mar), 2019"
Karnataka,Holenarasipura,2019-20,273,240,0.4,347,860,HASSAN,2019,"Financial Year (Apr - Mar), 2019"
Karnataka,Hunsur,2019-20,1150,1840,1.87,385,3375,MYSURU,2019,"Financial Year (Apr - Mar), 2019"
Karnataka,Kadaba,2019-20,2808,545,0.75,1712,5065,DAKSHINA KANNADA,2019,"Financial Year (Apr - Mar), 2019"
Karnataka,Kollegala,2019-20,570,313,0.92,15,898,CHAMARAJANAGARA,2019,"Financial Year (Apr - Mar), 2019"
Karnataka,K.R.Nagar,2019-20,350,2279,3.68,135,2764,MYSURU,2019,"Financial Year (Apr - Mar), 2019"
Karnataka,Maddur,2019-20,128,112,0.18,109,349,MANDYA,2019,"Financial Year (Apr - Mar), 2019"
Karnataka,Madikeri,2019-20,6500,4109,2.83,10958,21567,KODAGU,2019,"Financial Year (Apr - Mar), 2019"
Karnataka,Malavalli,2019-20,2420,5807,7.17,890,9117,MANDYA,2019,"Financial Year (Apr - Mar), 2019"
Karnataka,Mangalore,2019-20,2506,1670,2.98,4147,8323,DAKSHINA KANNADA,2019,"Financial Year (Apr - Mar), 2019"
Karnataka,Mudabidri,2019-20,3879,2046,6.96,2114,8039,DAKSHINA KANNADA,2019,"Financial Year (Apr - Mar), 2019"
Karnataka,Mysuru,2019-20,2202,2019,2.47,180,4401,MYSURU,2019,"Financial Year (Apr - Mar), 2019"
Karnataka,Nanjangud,2019-20,2076,3022,3.07,416,5514,MYSURU,2019,"Financial Year (Apr - Mar), 2019"
Karnataka,Piriyapatna,2019-20,1106,7088,8.53,1971,10165,MYSURU,2019,"Financial Year (Apr - Mar), 2019"
Karnataka,Puttur,2019-20,3563,419,1.04,2384,6366,DAKSHINA KANNADA,2019,"Financial Year (Apr - Mar), 2019"
Karnataka,Sakleshpura,2019-20,1761,11864,11.53,2059,15684,HASSAN,2019,"Financial Year (Apr - Mar), 2019"
Karnataka,Saraguru,2019-20,6881,12954,14.45,1639,21474,MYSURU,2019,"Financial Year (Apr - Mar), 2019"
Karnataka,Somawarpet,2019-20,450,2700,2.7,1291,4441,KODAGU,2019,"Financial Year (Apr - Mar), 2019"
Karnataka,Sulya,2019-20,263,112,0.16,97,472,DAKSHINA KANNADA,2019,"Financial Year (Apr - Mar), 2019"
Karnataka,T.Narasipura,2019-20,677,1258,2.14,869,2804,MYSURU,2019,"Financial Year (Apr - Mar), 2019"
Karnataka,Virajpet,2019-20,508,5200,3.14,950,6658,KODAGU,2019,"Financial Year (Apr - Mar), 2019"
Karnataka,Yadrami,2019-20,87,1906,2.39,19,2012,KALABURAGI,2019,"Financial Year (Apr - Mar), 2019"
Karnataka,Yalandur,2019-20,146,315,1.19,36,497,CHAMARAJANAGARA,2019,"Financial Year (Apr - Mar), 2019"
Karnataka,Yelahanka,2019-20,906,162,0.42,509,1577,BENGALURU URBAN,2019,"Financial Year (Apr - Mar), 2019"
Karnataka,Yelburga,2019-20,413,905,1.06,0,1318,KOPPAL,2019,"Financial Year (Apr - Mar), 2019"
Karnataka,Yellapur,2019-20,769,693,0.53,169,1631,UTTARA KANNADA,2019,"Financial Year (Apr - Mar), 2019"
