VariableName,VariableCode,Type_Of_Variable,Unit_Of_Measure,Scaling_Factor,Aggregation_Type,Weighing_Varible_ID,Weighing_Variable_Name,Long_Description
Country,Country,Key Identifier,,0,,,,Country
State LGD Code,StateCode,Key Identifier,,0,,,,State LGD Code
State,StateName,Key Identifier,,0,,,,State
District LGD Code,DistrictCode,Key Identifier,,0,,,,District LGD Code
District,DistrictName,Key Identifier,,0,,,,District
Sub-District LGD Code,SubDistrictCode,Key Identifier,,0,,,,Sub-District LGD Code
Sub-District,SubDistrictName,Key Identifier,,0,,,,Sub-District
YearCode,YearCode,Key Identifier,,0,,"","",YearCode
Year,Year,Key Identifier,,0,,"","",Year
Cultivable waste land,I6238_4,Numeric Variable,Ha ( Hectares ),1,sum,Not Applicable,Not Applicable,Cultivable waste land
Permanent Pasture land,I6238_5,Numeric Variable,Ha ( Hectares ),1,sum,Not Applicable,Not Applicable,Permanent Pasture land
Permanent Pasture to Geo graphical Area (%),I6238_6,Numeric Variable,% (Percentage),1,avg,Not Applicable,Not Applicable,Permanent Pasture to Geo graphical Area (%)
Trees & Groves,I6238_7,Numeric Variable,Ha ( Hectares ),1,sum,Not Applicable,Not Applicable,Trees & Groves
Total Land ,I6238_8,Numeric Variable,Ha ( Hectares ),1,sum,Not Applicable,Not Applicable,Total Land 
