ROWID,Country,State LGD Code,State,District LGD Code,District,Sub-District LGD Code,Sub-District,SourceYear,Cultivable waste land,Permanent Pasture land,Permanent Pasture to Geo graphical Area (%),Trees & Groves,Total Land ,YearCode,Year
148,India,29,Karnataka,738,Vijayanagar,5498,Hosapete,2019-20,1253,188,0.31,78,1519,2019,"Financial Year (Apr - Mar), 2019"
156,India,29,Karnataka,738,Vijayanagar,7108,Kotturu,2019-20,1498,985,1.75,118,2601,2019,"Financial Year (Apr - Mar), 2019"
162,India,29,Karnataka,738,Vijayanagar,5496,Hadagalli,2019-20,1747,2216,2.34,0,3963,2019,"Financial Year (Apr - Mar), 2019"
171,India,29,Karnataka,738,Vijayanagar,5497,Hagaribommanahalli,2019-20,2058,1108,1.24,123,3289,2019,"Financial Year (Apr - Mar), 2019"
183,India,29,Karnataka,738,Vijayanagar,5510,Harapanahalli,2019-20,2561,1603,1.12,812,4976,2019,"Financial Year (Apr - Mar), 2019"
215,India,29,Karnataka,738,Vijayanagar,5502,Kudligi,2019-20,5731,386,0.34,35,6152,2019,"Financial Year (Apr - Mar), 2019"
122,India,29,Karnataka,524,Bagalkote,5443,Jamkhandi,2019-20,793,551,0.62,155,1499,2019,"Financial Year (Apr - Mar), 2019"
22,India,29,Karnataka,524,Bagalkote,5444,Bilgi,2019-20,45,107,0.14,15,167,2019,"Financial Year (Apr - Mar), 2019"
8,India,29,Karnataka,524,Bagalkote,5445,Mudhol,2019-20,0,864,0.98,15,879,2019,"Financial Year (Apr - Mar), 2019"
75,India,29,Karnataka,524,Bagalkote,5446,Badami,2019-20,356,848,0.79,14,1218,2019,"Financial Year (Apr - Mar), 2019"
57,India,29,Karnataka,524,Bagalkote,5447,Bagalkot,2019-20,192,55,0.06,17,264,2019,"Financial Year (Apr - Mar), 2019"
53,India,29,Karnataka,524,Bagalkote,5448,Hungund,2019-20,188,571,0.78,9,768,2019,"Financial Year (Apr - Mar), 2019"
26,India,29,Karnataka,524,Bagalkote,7061,Guledgudda,2019-20,65,138,0.44,6,209,2019,"Financial Year (Apr - Mar), 2019"
42,India,29,Karnataka,524,Bagalkote,7062,Ilkal,2019-20,128,268,0.43,5,401,2019,"Financial Year (Apr - Mar), 2019"
68,India,29,Karnataka,524,Bagalkote,7063,Rabakavi Banahatti,2019-20,268,27,0.08,38,333,2019,"Financial Year (Apr - Mar), 2019"
130,India,29,Karnataka,525,Bengaluru Urban,5542,Bengaluru North,2019-20,896,1398,3.53,930,3224,2019,"Financial Year (Apr - Mar), 2019"
158,India,29,Karnataka,525,Bengaluru Urban,5543,Bengaluru South,2019-20,1568,2450,4.41,1012,5030,2019,"Financial Year (Apr - Mar), 2019"
82,India,29,Karnataka,525,Bengaluru Urban,5544,Bengaluru East,2019-20,423,1073,3.59,509,2005,2019,"Financial Year (Apr - Mar), 2019"
166,India,29,Karnataka,525,Bengaluru Urban,5545,Anekal,2019-20,1852,1723,3.22,1655,5230,2019,"Financial Year (Apr - Mar), 2019"
131,India,29,Karnataka,525,Bengaluru Urban,7103,Yelahanka,2019-20,906,162,0.42,509,1577,2019,"Financial Year (Apr - Mar), 2019"
107,India,29,Karnataka,526,Bengaluru Rural,5601,Nelamangala,2019-20,678,300,0.59,76,1054,2019,"Financial Year (Apr - Mar), 2019"
149,India,29,Karnataka,526,Bengaluru Rural,5602,Dodda Ballapur,2019-20,1280,2550,3.24,279,4109,2019,"Financial Year (Apr - Mar), 2019"
154,India,29,Karnataka,526,Bengaluru Rural,5603,Devanahalli,2019-20,1442,673,1.5,52,2167,2019,"Financial Year (Apr - Mar), 2019"
91,India,29,Karnataka,526,Bengaluru Rural,5604,Hosakote,2019-20,498,356,0.65,23,877,2019,"Financial Year (Apr - Mar), 2019"
140,India,29,Karnataka,527,Belagavi,5433,Chikodi,2019-20,1121,2905,3.44,89,4115,2019,"Financial Year (Apr - Mar), 2019"
88,India,29,Karnataka,527,Belagavi,5434,Athni,2019-20,473,365,0.23,101,939,2019,"Financial Year (Apr - Mar), 2019"
129,India,29,Karnataka,527,Belagavi,5435,Raybag,2019-20,884,235,0.25,19,1138,2019,"Financial Year (Apr - Mar), 2019"
54,India,29,Karnataka,527,Belagavi,5436,Gokak,2019-20,188,1123,1.12,10,1321,2019,"Financial Year (Apr - Mar), 2019"
46,India,29,Karnataka,527,Belagavi,5437,Hukeri,2019-20,147,2583,2.61,159,2889,2019,"Financial Year (Apr - Mar), 2019"
170,India,29,Karnataka,527,Belagavi,5438,Belagavi,2019-20,2056,4225,4.07,524,6805,2019,"Financial Year (Apr - Mar), 2019"
192,India,29,Karnataka,527,Belagavi,5439,Khanapur,2019-20,3240,3261,1.89,950,7451,2019,"Financial Year (Apr - Mar), 2019"
4,India,29,Karnataka,527,Belagavi,5440,Bailahongala,2019-20,0,120,0.16,218,338,2019,"Financial Year (Apr - Mar), 2019"
27,India,29,Karnataka,527,Belagavi,5441,Savadatti,2019-20,65,4218,2.67,54,4337,2019,"Financial Year (Apr - Mar), 2019"
11,India,29,Karnataka,527,Belagavi,5442,Ramdurg,2019-20,0,1192,0.98,7,1199,2019,"Financial Year (Apr - Mar), 2019"
5,India,29,Karnataka,527,Belagavi,7043,Kittur,2019-20,0,260,0.73,102,362,2019,"Financial Year (Apr - Mar), 2019"
28,India,29,Karnataka,527,Belagavi,7099,Mudalgi,2019-20,66,394,0.73,4,464,2019,"Financial Year (Apr - Mar), 2019"
111,India,29,Karnataka,527,Belagavi,7100,Kagwad,2019-20,698,469,1.09,29,1196,2019,"Financial Year (Apr - Mar), 2019"
94,India,29,Karnataka,527,Belagavi,7105,Nippani,2019-20,527,10,0.02,40,577,2019,"Financial Year (Apr - Mar), 2019"
205,India,29,Karnataka,528,Ballari,5499,Siruguppa,2019-20,4177,103,0.1,241,4521,2019,"Financial Year (Apr - Mar), 2019"
120,India,29,Karnataka,528,Ballari,5500,Ballari,2019-20,788,124,0.11,158,1070,2019,"Financial Year (Apr - Mar), 2019"
160,India,29,Karnataka,528,Ballari,5501,Sandur,2019-20,1659,45,0.05,1,1705,2019,"Financial Year (Apr - Mar), 2019"
87,India,29,Karnataka,528,Ballari,7107,Kampli,2019-20,460,87,0.22,64,611,2019,"Financial Year (Apr - Mar), 2019"
90,India,29,Karnataka,528,Ballari,7109,Kurugodu,2019-20,485,30,0.06,53,568,2019,"Financial Year (Apr - Mar), 2019"
209,India,29,Karnataka,529,Bidar,5454,Basavakalyan,2019-20,4842,2756,2.8,76,7674,2019,"Financial Year (Apr - Mar), 2019"
191,India,29,Karnataka,529,Bidar,5455,Bhalki,2019-20,3115,3541,3.24,7290,13946,2019,"Financial Year (Apr - Mar), 2019"
185,India,29,Karnataka,529,Bidar,5456,Aurad,2019-20,2729,1347,1.81,2204,6280,2019,"Financial Year (Apr - Mar), 2019"
174,India,29,Karnataka,529,Bidar,5457,Bidar,2019-20,2085,910,0.99,482,3477,2019,"Financial Year (Apr - Mar), 2019"
196,India,29,Karnataka,529,Bidar,5458,Homnabad,2019-20,3536,3290,6.1,234,7060,2019,"Financial Year (Apr - Mar), 2019"
145,India,29,Karnataka,529,Bidar,7084,Chitaguppa,2019-20,1180,1096,2.42,78,2354,2019,"Financial Year (Apr - Mar), 2019"
108,India,29,Karnataka,529,Bidar,7085,Kamalnagar,2019-20,683,337,0.71,550,1570,2019,"Financial Year (Apr - Mar), 2019"
146,India,29,Karnataka,529,Bidar,7086,Hulsoor,2019-20,1211,687,3.27,19,1917,2019,"Financial Year (Apr - Mar), 2019"
159,India,29,Karnataka,530,Vijayapura,5449,Vijayapura,2019-20,1645,1850,1.93,118,3613,2019,"Financial Year (Apr - Mar), 2019"
100,India,29,Karnataka,530,Vijayapura,5450,Indi,2019-20,632,986,0.61,24,1642,2019,"Financial Year (Apr - Mar), 2019"
50,India,29,Karnataka,530,Vijayapura,5451,Sindgi,2019-20,169,931,0.64,367,1467,2019,"Financial Year (Apr - Mar), 2019"
37,India,29,Karnataka,530,Vijayapura,5452,Basavana Bagevadi,2019-20,103,224,0.2,0,327,2019,"Financial Year (Apr - Mar), 2019"
60,India,29,Karnataka,530,Vijayapura,5453,Muddebihal,2019-20,205,316,0.38,66,587,2019,"Financial Year (Apr - Mar), 2019"
143,India,29,Karnataka,530,Vijayapura,7069,Babaleshwar,2019-20,1170,1450,1.73,102,2722,2019,"Financial Year (Apr - Mar), 2019"
59,India,29,Karnataka,530,Vijayapura,7070,Chadachan,2019-20,202,651,1.06,8,861,2019,"Financial Year (Apr - Mar), 2019"
36,India,29,Karnataka,530,Vijayapura,7071,Devara Hipparagi,2019-20,94,578,0.81,151,823,2019,"Financial Year (Apr - Mar), 2019"
19,India,29,Karnataka,530,Vijayapura,7072,Kolhar,2019-20,40,400,0.87,0,440,2019,"Financial Year (Apr - Mar), 2019"
81,India,29,Karnataka,530,Vijayapura,7073,Talikoti,2019-20,418,700,1.06,386,1504,2019,"Financial Year (Apr - Mar), 2019"
126,India,29,Karnataka,530,Vijayapura,7074,Tikota,2019-20,812,845,0.98,96,1753,2019,"Financial Year (Apr - Mar), 2019"
14,India,29,Karnataka,530,Vijayapura,7075,Nidagundi,2019-20,12,644,1.56,0,656,2019,"Financial Year (Apr - Mar), 2019"
193,India,29,Karnataka,531,Chamarajanagara,5576,Gundlupet,2019-20,3265,10287,7.32,3485,17037,2019,"Financial Year (Apr - Mar), 2019"
190,India,29,Karnataka,531,Chamarajanagara,5577,Chamarajanagar,2019-20,2921,11703,9.51,1180,15804,2019,"Financial Year (Apr - Mar), 2019"
45,India,29,Karnataka,531,Chamarajanagara,5578,Yelandur,2019-20,146,315,1.19,36,497,2019,"Financial Year (Apr - Mar), 2019"
96,India,29,Karnataka,531,Chamarajanagara,5579,Kollegal,2019-20,570,313,0.92,15,898,2019,"Financial Year (Apr - Mar), 2019"
115,India,29,Karnataka,531,Chamarajanagara,7077,Hanur,2019-20,735,132,0.05,25,892,2019,"Financial Year (Apr - Mar), 2019"
29,India,29,Karnataka,532,Chikkamagaluru,5525,Sringeri,2019-20,70,3234,7.3,1780,5084,2019,"Financial Year (Apr - Mar), 2019"
44,India,29,Karnataka,532,Chikkamagaluru,5526,Koppa,2019-20,144,17125,29.93,4431,21700,2019,"Financial Year (Apr - Mar), 2019"
201,India,29,Karnataka,532,Chikkamagaluru,5527,Narasimharajapura,2019-20,3894,14443,17.95,953,19290,2019,"Financial Year (Apr - Mar), 2019"
13,India,29,Karnataka,532,Chikkamagaluru,5528,Tarikere,2019-20,0,3981,4.84,494,4475,2019,"Financial Year (Apr - Mar), 2019"
212,India,29,Karnataka,532,Chikkamagaluru,5529,Kadur,2019-20,5470,5045,4.03,3900,14415,2019,"Financial Year (Apr - Mar), 2019"
211,India,29,Karnataka,532,Chikkamagaluru,5530,Chikkamagaluru,2019-20,5430,15921,9.76,5438,26789,2019,"Financial Year (Apr - Mar), 2019"
195,India,29,Karnataka,532,Chikkamagaluru,5531,Mudigere,2019-20,3475,20132,17.43,2095,25702,2019,"Financial Year (Apr - Mar), 2019"
127,India,29,Karnataka,532,Chikkamagaluru,7078,Ajjampura,2019-20,839,3956,7.3,423,5218,2019,"Financial Year (Apr - Mar), 2019"
152,India,29,Karnataka,533,Chitradurga,5503,Molakalmuru,2019-20,1373,5376,8.03,302,7051,2019,"Financial Year (Apr - Mar), 2019"
225,India,29,Karnataka,533,Chitradurga,5504,Challakere,2019-20,16020,21768,11.2,604,38392,2019,"Financial Year (Apr - Mar), 2019"
17,India,29,Karnataka,533,Chitradurga,5505,Chitradurga,2019-20,25,11278,9.13,891,12194,2019,"Financial Year (Apr - Mar), 2019"
99,India,29,Karnataka,533,Chitradurga,5506,Holalkere,2019-20,617,21000,15.46,625,22242,2019,"Financial Year (Apr - Mar), 2019"
136,India,29,Karnataka,533,Chitradurga,5507,Hosdurga,2019-20,1037,3392,3.01,1479,5908,2019,"Financial Year (Apr - Mar), 2019"
181,India,29,Karnataka,533,Chitradurga,5508,Hiriyur,2019-20,2540,25926,18.87,7416,35882,2019,"Financial Year (Apr - Mar), 2019"
180,India,29,Karnataka,534,Dakshina Kannada,5561,Mangaluru,2019-20,2506,1670,2.98,4147,8323,2019,"Financial Year (Apr - Mar), 2019"
177,India,29,Karnataka,534,Dakshina Kannada,5562,Bantval,2019-20,2376,1662,2.32,1560,5598,2019,"Financial Year (Apr - Mar), 2019"
207,India,29,Karnataka,534,Dakshina Kannada,5563,Beltangadi,2019-20,4328,1269,0.92,4922,10519,2019,"Financial Year (Apr - Mar), 2019"
198,India,29,Karnataka,534,Dakshina Kannada,5564,Puttur,2019-20,3563,419,1.04,2384,6366,2019,"Financial Year (Apr - Mar), 2019"
67,India,29,Karnataka,534,Dakshina Kannada,5565,Sulya,2019-20,263,112,0.16,97,472,2019,"Financial Year (Apr - Mar), 2019"
200,India,29,Karnataka,534,Dakshina Kannada,7102,Moodubidire,2019-20,3879,2046,6.96,2114,8039,2019,"Financial Year (Apr - Mar), 2019"
188,India,29,Karnataka,534,Dakshina Kannada,7104,Kadaba,2019-20,2808,545,0.75,1712,5065,2019,"Financial Year (Apr - Mar), 2019"
112,India,29,Karnataka,535,Davangere,5509,Harihar,2019-20,710,795,1.59,62,1567,2019,"Financial Year (Apr - Mar), 2019"
25,India,29,Karnataka,535,Davangere,5511,Jagalur,2019-20,50,5355,5.61,2967,8372,2019,"Financial Year (Apr - Mar), 2019"
208,India,29,Karnataka,535,Davangere,5512,Davanagere,2019-20,4410,4510,4.54,509,9429,2019,"Financial Year (Apr - Mar), 2019"
2,India,29,Karnataka,535,Davangere,5513,Honnali,2019-20,0,54,0.11,0,54,2019,"Financial Year (Apr - Mar), 2019"
31,India,29,Karnataka,535,Davangere,5514,Channagiri,2019-20,84,280,0.23,235,599,2019,"Financial Year (Apr - Mar), 2019"
1,India,29,Karnataka,535,Davangere,7076,Nyamathi,2019-20,0,31,0.08,0,31,2019,"Financial Year (Apr - Mar), 2019"
155,India,29,Karnataka,536,Dharwad,5473,Dharwad,2019-20,1492,1906,1.92,0,3398,2019,"Financial Year (Apr - Mar), 2019"
20,India,29,Karnataka,536,Dharwad,5474,Navalgund,2019-20,42,3,0.0,2,47,2019,"Financial Year (Apr - Mar), 2019"
15,India,29,Karnataka,536,Dharwad,5475,Hubballi,2019-20,14,350,0.63,38,402,2019,"Financial Year (Apr - Mar), 2019"
124,India,29,Karnataka,536,Dharwad,5476,Kalghatgi,2019-20,798,688,1.0,0,1486,2019,"Financial Year (Apr - Mar), 2019"
51,India,29,Karnataka,536,Dharwad,5477,Kundgol,2019-20,173,312,0.48,119,604,2019,"Financial Year (Apr - Mar), 2019"
34,India,29,Karnataka,536,Dharwad,7079,Hubballi Urban,2019-20,92,257,1.45,25,374,2019,"Financial Year (Apr - Mar), 2019"
16,India,29,Karnataka,536,Dharwad,7080,Annigeri,2019-20,19,2,0.01,1,22,2019,"Financial Year (Apr - Mar), 2019"
18,India,29,Karnataka,536,Dharwad,7081,Alnavar,2019-20,39,53,0.43,0,92,2019,"Financial Year (Apr - Mar), 2019"
3,India,29,Karnataka,537,Gadag,5468,Nargund,2019-20,0,58,0.13,0,58,2019,"Financial Year (Apr - Mar), 2019"
70,India,29,Karnataka,537,Gadag,5469,Ron,2019-20,291,0,0.0,10,301,2019,"Financial Year (Apr - Mar), 2019"
9,India,29,Karnataka,537,Gadag,5470,Gadag,2019-20,0,1054,0.96,180,1234,2019,"Financial Year (Apr - Mar), 2019"
38,India,29,Karnataka,537,Gadag,5471,Shirhatti,2019-20,105,111,0.21,112,328,2019,"Financial Year (Apr - Mar), 2019"
49,India,29,Karnataka,537,Gadag,5472,Mundargi,2019-20,163,280,0.32,2,445,2019,"Financial Year (Apr - Mar), 2019"
6,India,29,Karnataka,537,Gadag,7082,Gajendragad,2019-20,0,428,0.89,15,443,2019,"Financial Year (Apr - Mar), 2019"
30,India,29,Karnataka,537,Gadag,7083,Laxmeshwar,2019-20,81,667,1.54,28,776,2019,"Financial Year (Apr - Mar), 2019"
118,India,29,Karnataka,538,Kalaburagi,5580,Aland,2019-20,764,2976,1.89,44,3784,2019,"Financial Year (Apr - Mar), 2019"
86,India,29,Karnataka,538,Kalaburagi,5581,Afzalpur,2019-20,458,1322,1.01,10,1790,2019,"Financial Year (Apr - Mar), 2019"
23,India,29,Karnataka,538,Kalaburagi,5582,Kalaburagi,2019-20,47,3911,3.13,56,4014,2019,"Financial Year (Apr - Mar), 2019"
173,India,29,Karnataka,538,Kalaburagi,5583,Chincholi,2019-20,2077,5846,4.61,775,8698,2019,"Financial Year (Apr - Mar), 2019"
76,India,29,Karnataka,538,Kalaburagi,5584,Sedam,2019-20,360,3066,2.99,50,3476,2019,"Financial Year (Apr - Mar), 2019"
203,India,29,Karnataka,538,Kalaburagi,5585,Chittapur,2019-20,3947,371,0.51,11,4329,2019,"Financial Year (Apr - Mar), 2019"
61,India,29,Karnataka,538,Kalaburagi,5586,Jevargi,2019-20,207,4580,4.46,43,4830,2019,"Financial Year (Apr - Mar), 2019"
110,India,29,Karnataka,538,Kalaburagi,7087,Kalagi,2019-20,688,362,0.34,44,1094,2019,"Financial Year (Apr - Mar), 2019"
47,India,29,Karnataka,538,Kalaburagi,7088,Shahabad,2019-20,150,100,0.45,4,254,2019,"Financial Year (Apr - Mar), 2019"
33,India,29,Karnataka,538,Kalaburagi,7089,Yadrami,2019-20,87,1906,2.39,19,2012,2019,"Financial Year (Apr - Mar), 2019"
101,India,29,Karnataka,538,Kalaburagi,7090,Kamalapur,2019-20,632,1415,2.03,75,2122,2019,"Financial Year (Apr - Mar), 2019"
163,India,29,Karnataka,539,Hassan,5553,Sakleshpur,2019-20,1761,11864,11.53,2059,15684,2019,"Financial Year (Apr - Mar), 2019"
184,India,29,Karnataka,539,Hassan,5554,Belur,2019-20,2689,5815,7.58,117,8621,2019,"Financial Year (Apr - Mar), 2019"
63,India,29,Karnataka,539,Hassan,5555,Arsikere,2019-20,220,430,0.35,3415,4065,2019,"Financial Year (Apr - Mar), 2019"
123,India,29,Karnataka,539,Hassan,5556,Hassan,2019-20,794,544,0.59,318,1656,2019,"Financial Year (Apr - Mar), 2019"
204,India,29,Karnataka,539,Hassan,5557,Alur,2019-20,3975,1795,4.46,116,5886,2019,"Financial Year (Apr - Mar), 2019"
197,India,29,Karnataka,539,Hassan,5558,Arkalgud,2019-20,3560,2980,4.62,217,6757,2019,"Financial Year (Apr - Mar), 2019"
69,India,29,Karnataka,539,Hassan,5559,Hole Narsipur,2019-20,273,240,0.4,347,860,2019,"Financial Year (Apr - Mar), 2019"
128,India,29,Karnataka,539,Hassan,5560,Channarayapatna,2019-20,870,9275,8.96,374,10519,2019,"Financial Year (Apr - Mar), 2019"
72,India,29,Karnataka,540,Haveri,5489,Shiggaon,2019-20,335,1445,2.45,154,1934,2019,"Financial Year (Apr - Mar), 2019"
7,India,29,Karnataka,540,Haveri,5490,Savanur,2019-20,0,722,1.34,181,903,2019,"Financial Year (Apr - Mar), 2019"
114,India,29,Karnataka,540,Haveri,5491,Hangal,2019-20,734,2061,2.66,1535,4330,2019,"Financial Year (Apr - Mar), 2019"
144,India,29,Karnataka,540,Haveri,5492,Haveri,2019-20,1178,1754,2.19,7,2939,2019,"Financial Year (Apr - Mar), 2019"
55,India,29,Karnataka,540,Haveri,5493,Byadgi,2019-20,190,1109,2.54,20,1319,2019,"Financial Year (Apr - Mar), 2019"
12,India,29,Karnataka,540,Haveri,5494,Hirekerur,2019-20,0,1616,4.14,185,1801,2019,"Financial Year (Apr - Mar), 2019"
95,India,29,Karnataka,540,Haveri,5495,Ranibennur,2019-20,552,2417,2.67,100,3069,2019,"Financial Year (Apr - Mar), 2019"
10,India,29,Karnataka,540,Haveri,7106,Rattihalli,2019-20,0,1085,2.61,113,1198,2019,"Financial Year (Apr - Mar), 2019"
216,India,29,Karnataka,541,Kodagu,5566,Madikeri,2019-20,6500,4109,2.83,10958,21567,2019,"Financial Year (Apr - Mar), 2019"
84,India,29,Karnataka,541,Kodagu,5567,Somvarpet,2019-20,450,2700,2.7,1291,4441,2019,"Financial Year (Apr - Mar), 2019"
93,India,29,Karnataka,541,Kodagu,5568,Virajpet,2019-20,508,5200,3.14,950,6658,2019,"Financial Year (Apr - Mar), 2019"
133,India,29,Karnataka,542,Kolar,5590,Srinivaspur,2019-20,968,7155,8.34,1632,9755,2019,"Financial Year (Apr - Mar), 2019"
78,India,29,Karnataka,542,Kolar,5591,Kolar,2019-20,405,2672,3.86,1270,4347,2019,"Financial Year (Apr - Mar), 2019"
178,India,29,Karnataka,542,Kolar,5592,Malur,2019-20,2399,10742,17.01,742,13883,2019,"Financial Year (Apr - Mar), 2019"
98,India,29,Karnataka,542,Kolar,5593,Bangarapet,2019-20,615,4730,11.04,239,5584,2019,"Financial Year (Apr - Mar), 2019"
147,India,29,Karnataka,542,Kolar,5594,Mulbagal,2019-20,1218,10511,12.78,2954,14683,2019,"Financial Year (Apr - Mar), 2019"
121,India,29,Karnataka,542,Kolar,7002,Kolar Gold Field,2019-20,792,765,2.42,172,1729,2019,"Financial Year (Apr - Mar), 2019"
80,India,29,Karnataka,543,Koppal,5464,Yelbarga,2019-20,413,905,1.06,0,1318,2019,"Financial Year (Apr - Mar), 2019"
125,India,29,Karnataka,543,Koppal,5465,Kushtagi,2019-20,811,6124,4.51,0,6935,2019,"Financial Year (Apr - Mar), 2019"
58,India,29,Karnataka,543,Koppal,5466,Gangawati,2019-20,198,3021,6.91,210,3429,2019,"Financial Year (Apr - Mar), 2019"
83,India,29,Karnataka,543,Koppal,5467,Koppal,2019-20,430,1486,1.09,0,1916,2019,"Financial Year (Apr - Mar), 2019"
64,India,29,Karnataka,543,Koppal,7091,Kanakagiri,2019-20,236,3263,6.63,0,3499,2019,"Financial Year (Apr - Mar), 2019"
40,India,29,Karnataka,543,Koppal,7092,Karatagi,2019-20,126,1850,4.72,0,1976,2019,"Financial Year (Apr - Mar), 2019"
74,India,29,Karnataka,543,Koppal,7093,Kukunoor,2019-20,354,1193,1.91,0,1547,2019,"Financial Year (Apr - Mar), 2019"
217,India,29,Karnataka,544,Mandya,5546,Krishnarajpet,2019-20,6510,15423,16.85,341,22274,2019,"Financial Year (Apr - Mar), 2019"
227,India,29,Karnataka,544,Mandya,5547,Nagamangala,2019-20,26178,493,0.47,1043,27714,2019,"Financial Year (Apr - Mar), 2019"
202,India,29,Karnataka,544,Mandya,5548,Pandavapura,2019-20,3900,3523,6.68,985,8408,2019,"Financial Year (Apr - Mar), 2019"
92,India,29,Karnataka,544,Mandya,5549,Shrirangapattana,2019-20,500,2880,8.05,304,3684,2019,"Financial Year (Apr - Mar), 2019"
176,India,29,Karnataka,544,Mandya,5550,Mandya,2019-20,2319,3811,5.33,215,6345,2019,"Financial Year (Apr - Mar), 2019"
41,India,29,Karnataka,544,Mandya,5551,Maddur,2019-20,128,112,0.18,109,349,2019,"Financial Year (Apr - Mar), 2019"
179,India,29,Karnataka,544,Mandya,5552,Malavalli,2019-20,2420,5807,7.17,890,9117,2019,"Financial Year (Apr - Mar), 2019"
138,India,29,Karnataka,545,Mysuru,5569,Piriyapatna,2019-20,1106,7088,8.53,1971,10165,2019,"Financial Year (Apr - Mar), 2019"
142,India,29,Karnataka,545,Mysuru,5570,Hunsur,2019-20,1150,1840,1.87,385,3375,2019,"Financial Year (Apr - Mar), 2019"
73,India,29,Karnataka,545,Mysuru,5571,Krishnarajanagara,2019-20,350,2279,3.68,135,2764,2019,"Financial Year (Apr - Mar), 2019"
175,India,29,Karnataka,545,Mysuru,5572,Mysuru,2019-20,2202,2019,2.47,180,4401,2019,"Financial Year (Apr - Mar), 2019"
219,India,29,Karnataka,545,Mysuru,5573,Heggadadevankote,2019-20,6965,16348,15.64,1025,24338,2019,"Financial Year (Apr - Mar), 2019"
172,India,29,Karnataka,545,Mysuru,5574,Nanjangud,2019-20,2076,3022,3.07,416,5514,2019,"Financial Year (Apr - Mar), 2019"
106,India,29,Karnataka,545,Mysuru,5575,Tirumakudal - Narsipur,2019-20,677,1258,2.14,869,2804,2019,"Financial Year (Apr - Mar), 2019"
218,India,29,Karnataka,545,Mysuru,7098,Saraguru,2019-20,6881,12954,14.45,1639,21474,2019,"Financial Year (Apr - Mar), 2019"
169,India,29,Karnataka,546,Raichur,5459,Lingsugur,2019-20,2041,2591,2.02,2692,7324,2019,"Financial Year (Apr - Mar), 2019"
189,India,29,Karnataka,546,Raichur,5460,Devadurga,2019-20,2832,5707,3.78,816,9355,2019,"Financial Year (Apr - Mar), 2019"
132,India,29,Karnataka,546,Raichur,5461,Raichur,2019-20,931,2722,1.8,7460,11113,2019,"Financial Year (Apr - Mar), 2019"
150,India,29,Karnataka,546,Raichur,5462,Manvi,2019-20,1307,2643,2.59,4,3954,2019,"Financial Year (Apr - Mar), 2019"
102,India,29,Karnataka,546,Raichur,5463,Sindhnur,2019-20,638,3384,2.66,938,4960,2019,"Financial Year (Apr - Mar), 2019"
141,India,29,Karnataka,546,Raichur,7097,Sirwar,2019-20,1132,1080,1.28,0,2212,2019,"Financial Year (Apr - Mar), 2019"
165,India,29,Karnataka,546,Raichur,7101,Maski,2019-20,1831,1689,1.84,1954,5474,2019,"Financial Year (Apr - Mar), 2019"
213,India,29,Karnataka,547,Shivamogga,5515,Sagar,2019-20,5613,47259,24.36,14780,67652,2019,"Financial Year (Apr - Mar), 2019"
210,India,29,Karnataka,547,Shivamogga,5516,Sorab,2019-20,4973,15929,13.88,3840,24742,2019,"Financial Year (Apr - Mar), 2019"
85,India,29,Karnataka,547,Shivamogga,5517,Shikarpur,2019-20,451,361,0.4,91,903,2019,"Financial Year (Apr - Mar), 2019"
182,India,29,Karnataka,547,Shivamogga,5518,Hosanagara,2019-20,2555,52789,37.1,1498,56842,2019,"Financial Year (Apr - Mar), 2019"
161,India,29,Karnataka,547,Shivamogga,5519,Tirthahalli,2019-20,1743,26474,21.12,6440,34657,2019,"Financial Year (Apr - Mar), 2019"
71,India,29,Karnataka,547,Shivamogga,5520,Shivamogga,2019-20,322,12343,11.08,153,12818,2019,"Financial Year (Apr - Mar), 2019"
104,India,29,Karnataka,547,Shivamogga,5521,Bhadravati,2019-20,654,8308,12.04,66,9028,2019,"Financial Year (Apr - Mar), 2019"
226,India,29,Karnataka,548,Tumakuru,5532,Chiknayakanhalli,2019-20,18164,4500,3.98,2805,25469,2019,"Financial Year (Apr - Mar), 2019"
220,India,29,Karnataka,548,Tumakuru,5533,Sira,2019-20,8151,16316,10.5,2794,27261,2019,"Financial Year (Apr - Mar), 2019"
214,India,29,Karnataka,548,Tumakuru,5534,Pavagada,2019-20,5628,7456,5.49,607,13691,2019,"Financial Year (Apr - Mar), 2019"
222,India,29,Karnataka,548,Tumakuru,5535,Madhugiri,2019-20,8953,7100,6.33,2288,18341,2019,"Financial Year (Apr - Mar), 2019"
187,India,29,Karnataka,548,Tumakuru,5536,Koratagere,2019-20,2749,9831,13.86,585,13165,2019,"Financial Year (Apr - Mar), 2019"
164,India,29,Karnataka,548,Tumakuru,5537,Tumakuru,2019-20,1817,7099,6.84,4398,13314,2019,"Financial Year (Apr - Mar), 2019"
186,India,29,Karnataka,548,Tumakuru,5538,Gubbi,2019-20,2731,3850,3.15,2844,9425,2019,"Financial Year (Apr - Mar), 2019"
167,India,29,Karnataka,548,Tumakuru,5539,Tiptur,2019-20,1920,7010,9.16,4617,13547,2019,"Financial Year (Apr - Mar), 2019"
105,India,29,Karnataka,548,Tumakuru,5540,Turuvekere,2019-20,656,9043,11.9,788,10487,2019,"Financial Year (Apr - Mar), 2019"
224,India,29,Karnataka,548,Tumakuru,5541,Kunigal,2019-20,11873,4248,4.29,231,16352,2019,"Financial Year (Apr - Mar), 2019"
153,India,29,Karnataka,549,Udupi,5522,Kundapura,2019-20,1388,2075,2.37,10687,14150,2019,"Financial Year (Apr - Mar), 2019"
221,India,29,Karnataka,549,Udupi,5523,Udupi,2019-20,8894,1011,3.27,4069,13974,2019,"Financial Year (Apr - Mar), 2019"
223,India,29,Karnataka,549,Udupi,5524,Karkal,2019-20,10077,1371,1.9,12830,24278,2019,"Financial Year (Apr - Mar), 2019"
194,India,29,Karnataka,549,Udupi,7065,Hebri,2019-20,3417,765,1.67,5171,9353,2019,"Financial Year (Apr - Mar), 2019"
168,India,29,Karnataka,549,Udupi,7066,Bainduru,2019-20,1961,1190,2.04,3142,6293,2019,"Financial Year (Apr - Mar), 2019"
199,India,29,Karnataka,549,Udupi,7067,Kapu,2019-20,3685,2291,10.4,3747,9723,2019,"Financial Year (Apr - Mar), 2019"
206,India,29,Karnataka,549,Udupi,7068,Brahmavara,2019-20,4227,1915,4.81,3119,9261,2019,"Financial Year (Apr - Mar), 2019"
39,India,29,Karnataka,550,Uttara Kannada,5478,Karwar,2019-20,110,19,0.03,145,274,2019,"Financial Year (Apr - Mar), 2019"
137,India,29,Karnataka,550,Uttara Kannada,5479,Supa,2019-20,1043,420,0.22,5,1468,2019,"Financial Year (Apr - Mar), 2019"
65,India,29,Karnataka,550,Uttara Kannada,5480,Haliyal,2019-20,247,344,0.62,0,591,2019,"Financial Year (Apr - Mar), 2019"
119,India,29,Karnataka,550,Uttara Kannada,5481,Yellapur,2019-20,769,693,0.53,169,1631,2019,"Financial Year (Apr - Mar), 2019"
139,India,29,Karnataka,550,Uttara Kannada,5482,Mundgod,2019-20,1120,39,0.06,51,1210,2019,"Financial Year (Apr - Mar), 2019"
103,India,29,Karnataka,550,Uttara Kannada,5483,Sirsi,2019-20,646,1968,1.49,19,2633,2019,"Financial Year (Apr - Mar), 2019"
135,India,29,Karnataka,550,Uttara Kannada,5484,Ankola,2019-20,1006,182,0.2,291,1479,2019,"Financial Year (Apr - Mar), 2019"
117,India,29,Karnataka,550,Uttara Kannada,5485,Kumta,2019-20,763,52,0.09,497,1312,2019,"Financial Year (Apr - Mar), 2019"
24,India,29,Karnataka,550,Uttara Kannada,5486,Siddapur,2019-20,50,451,0.52,0,501,2019,"Financial Year (Apr - Mar), 2019"
89,India,29,Karnataka,550,Uttara Kannada,5487,Honavar,2019-20,480,1432,1.9,424,2336,2019,"Financial Year (Apr - Mar), 2019"
52,India,29,Karnataka,550,Uttara Kannada,5488,Bhatkal,2019-20,173,1130,3.24,0,1303,2019,"Financial Year (Apr - Mar), 2019"
21,India,29,Karnataka,550,Uttara Kannada,7064,Dandeli,2019-20,43,0,0.0,0,43,2019,"Financial Year (Apr - Mar), 2019"
48,India,29,Karnataka,630,Chikkaballapura,5595,Gauribidanur,2019-20,150,10760,12.41,1444,12354,2019,"Financial Year (Apr - Mar), 2019"
157,India,29,Karnataka,630,Chikkaballapura,5596,Chikkaballapura,2019-20,1536,327,0.59,717,2580,2019,"Financial Year (Apr - Mar), 2019"
116,India,29,Karnataka,630,Chikkaballapura,5597,Gudibanda,2019-20,751,230,1.06,294,1275,2019,"Financial Year (Apr - Mar), 2019"
62,India,29,Karnataka,630,Chikkaballapura,5598,Bagepalli,2019-20,208,10929,12.14,215,11352,2019,"Financial Year (Apr - Mar), 2019"
134,India,29,Karnataka,630,Chikkaballapura,5599,Sidlaghatta,2019-20,990,20994,32.9,2163,24147,2019,"Financial Year (Apr - Mar), 2019"
151,India,29,Karnataka,630,Chikkaballapura,5600,Chintamani,2019-20,1345,12310,14.2,1649,15304,2019,"Financial Year (Apr - Mar), 2019"
97,India,29,Karnataka,631,Ramanagara,5605,Magadi,2019-20,600,9100,11.38,1929,11629,2019,"Financial Year (Apr - Mar), 2019"
43,India,29,Karnataka,631,Ramanagara,5606,Ramanagara,2019-20,128,490,0.78,301,919,2019,"Financial Year (Apr - Mar), 2019"
66,India,29,Karnataka,631,Ramanagara,5607,Channapatna,2019-20,260,2258,4.21,1580,4098,2019,"Financial Year (Apr - Mar), 2019"
56,India,29,Karnataka,631,Ramanagara,5608,Kanakapura,2019-20,190,12814,8.04,140,13144,2019,"Financial Year (Apr - Mar), 2019"
79,India,29,Karnataka,635,Yadgir,5587,Shorapur,2019-20,412,3018,3.03,293,3723,2019,"Financial Year (Apr - Mar), 2019"
113,India,29,Karnataka,635,Yadgir,5588,Shahpur,2019-20,726,1883,2.02,45,2654,2019,"Financial Year (Apr - Mar), 2019"
35,India,29,Karnataka,635,Yadgir,5589,Yadgir,2019-20,93,1612,1.7,63,1768,2019,"Financial Year (Apr - Mar), 2019"
32,India,29,Karnataka,635,Yadgir,7094,Gurumitkal,2019-20,86,1192,1.56,51,1329,2019,"Financial Year (Apr - Mar), 2019"
109,India,29,Karnataka,635,Yadgir,7095,Wadagera,2019-20,685,1467,2.22,32,2184,2019,"Financial Year (Apr - Mar), 2019"
77,India,29,Karnataka,635,Yadgir,7096,Hunasagi,2019-20,383,2583,3.01,256,3222,2019,"Financial Year (Apr - Mar), 2019"
